Delay Type,Mean (days),HDI 2.5%,HDI 97.5%,Heterogeneity (τ),Studies
Patient delay (days),15.50818157196045,9.857150077819824,20.906816482543945,0.8883576989173889,3
Diagnostic delay (days),20.859508514404297,12.13918685913086,28.667224884033203,0.9667288064956665,3
Total delay (days),31.253623962402344,21.82708168029785,41.13716506958008,0.9998196363449097,5
