effect,se,ci_low,ci_high,tau_sq,q,k,delay_type
18.43333333333333,3.4815386126124057,11.609517652613015,25.257149014053645,35.363333333333344,72.72666666666669,3,Patient delay (days)
29.400000000000002,6.862458257310812,15.949581815670811,42.85041818432919,140.28,282.56,3,Diagnostic delay (days)
4.0,1.0,2.04,5.96,0.0,0.0,1,Treatment delay (days)
49.166,8.383439389653867,32.73445879627842,65.59754120372158,350.41028,1405.64112,5,Total delay (days)
