,PC1,PC2,PC3,PC4,PC5,PC6,PC7,PC8
pn_ratio,0.20235593501483543,0.5146334827695891,-0.258490424640083,0.6203142560142164,-0.15546083300108451,0.3658837319268767,0.1769859771761724,-0.23072573789783443
in_ratio,0.31469098410263174,0.44654451806683804,-0.15859221246664906,-0.16632466381113564,0.6409783321012255,-0.2708911064352123,-0.3774528386178252,-0.14848008321792583
symptomatic_no_care_pct,-0.4393564976895644,-0.025508956594005094,0.2228652051766017,0.06445929426780747,0.6459025592708195,0.5538899112840907,0.16170149413436402,0.04857713119724503
private_first_provider_pct,0.3211541051170743,-0.45020108539979103,0.23412699037755802,0.3607339311898868,0.2940376894444069,-0.3162845122040278,0.3727709234015258,-0.4286984837024348
bact_confirmed_pct,-0.2182026626666779,0.41871020315764695,0.6472766269530476,0.32945572103749804,-0.054767976366009094,-0.40946304658094074,-0.013218956765231202,0.2805833232468876
crowding_index,-0.34191398401835615,-0.2355903741897296,-0.5563095858840093,0.48360964019250496,0.1880878438718991,-0.3275447694330812,-0.12786166018786277,0.3538674137963683
literacy_pct,0.49096556748219244,0.05039506903341806,-0.06164327427834901,-0.10116048592388133,0.15133665462247564,0.04819737012153125,0.49018096295399405,0.6905625716953065
poverty_pct,-0.39784771694450616,0.3147346914675534,-0.2670198172472464,-0.31719010094990624,0.007146818383722893,-0.3296189128344776,0.6358451561166185,-0.24031512207379668
