component,explained_variance,explained_variance_ratio,cumulative_variance
PC1,3.655344565260401,0.4421787780556936,0.4421787780556936
PC2,1.9747636493943603,0.2388826995235113,0.6810614775792049
PC3,0.919473563515055,0.1112266407477889,0.7922881183269938
PC4,0.6101460078705923,0.0738079848230555,0.8660961031500493
PC5,0.4395887345541689,0.05317605659929462,0.9192721597493438
PC6,0.288574499317127,0.03490820556255568,0.9541803653118995
PC7,0.2278014237253552,0.027556623837744577,0.9817369891496441
PC8,0.15097422302960758,0.018263010850355754,0.9999999999999999
