{
  "generated_at": "2025-11-27T19:37:13.090205Z",
  "national_total_delay_mean": 31.253623962402344,
  "national_total_delay_low": 21.82708168029785,
  "national_total_delay_high": 41.13716506958008,
  "patient_delay_mean": 15.50818157196045,
  "patient_delay_low": 9.857150077819824,
  "patient_delay_high": 20.906816482543945,
  "diagnostic_delay_mean": 20.859508514404297,
  "diagnostic_delay_low": 12.13918685913086,
  "diagnostic_delay_high": 28.667224884033203,
  "lit_num_studies": 5,
  "lit_year_min": 2023,
  "lit_year_max": 2025,
  "lit_total_delay_median": 44.0,
  "states_profiled": 40,
  "top_states": [
    "Jharkhand",
    "Bihar",
    "odisha",
    "Chhattisgarh",
    "Madhya Pradesh",
    "West Bengal",
    "Rajasthan",
    "Assam",
    "Meghalaya",
    "Tripura"
  ],
  "pca_variance_pc1": 0.4421787780556936,
  "pca_variance_pc2": 0.2388826995235113,
  "pca_variance_pc3": 0.1112266407477889,
  "pca_cumulative_pc3": 0.7922881183269938,
  "dag_nodes": 8,
  "dag_edges": 12,
  "dag_density": 0.2142857142857142,
  "word_count_complete": 1734,
  "word_count_blinded": 1671
}